emission_rank,emissions_tonnes_per_year,longitude,latitude,mediterranean_region,country
78,1528.95,28.95125,41.034583,Eastern Mediterranean / Aegean sea,Türkiye
126,1143.99,29.870417,31.185417,Eastern Mediterranean / Levantine sea,Egypt
203,794.001,27.168333,38.439583,Eastern Mediterranean / Aegean sea,Türkiye
212,759.652,3.12625,36.74125,Western Mediterranean / North Africa,Algeria
294,573.137,6.100417,36.875417,Western Mediterranean / North Africa,Algeria
321,528.402,29.034583,40.98125,Eastern Mediterranean / Aegean sea,Türkiye
325,520.854,28.88875,40.979583,Eastern Mediterranean / Aegean sea,Türkiye
339,503.592,19.56375,41.582917,Central Mediterranean / Adriatic sea,Albania
358,479.303,35.96375,36.047917,Eastern Mediterranean / Levantine sea,Türkiye
378,437.726,31.845662,31.524121,Eastern Mediterranean / Levantine sea,Egypt
404,415.275,6.936667,36.8825,Western Mediterranean / North Africa,Algeria
468,368.473,30.385833,31.443333,Eastern Mediterranean / Levantine sea,Egypt
475,366.618,7.770833,36.866667,Western Mediterranean / North Africa,Algeria
521,338.036,13.25125,32.90875,Central Mediterranean / Adriatic sea,Libya
559,312.981,28.50875,40.39125,Eastern Mediterranean / Aegean sea,Türkiye
565,308.959,7.760417,36.88625,Western Mediterranean / North Africa,Algeria
591,300.657,28.857917,40.974583,Eastern Mediterranean / Aegean sea,Türkiye
621,281.027,2.804583,36.697083,Western Mediterranean / North Africa,Algeria
631,278.518,3.855417,36.91125,Western Mediterranean / North Africa,Algeria
645,274.452,28.849583,40.974583,Eastern Mediterranean / Aegean sea,Türkiye
684,259.824,5.076667,36.72375,Western Mediterranean / North Africa,Algeria
735,235.544,19.387083,40.835417,Central Mediterranean / Adriatic sea,Albania
742,233.663,34.907917,36.725417,Eastern Mediterranean / Levantine sea,Türkiye
801,215.946,7.762083,36.879583,Western Mediterranean / North Africa,Algeria
823,209.401,14.52875,32.500417,Central Mediterranean / Adriatic sea,Libya
851,203.808,-0.11875,35.787917,Western Mediterranean / North Africa,Algeria
896,196.601,3.66875,36.83875,Western Mediterranean / North Africa,Algeria
898,196.048,10.185,37.112083,Central Mediterranean / Adriatic sea,Tunisia
944,184.518,28.757083,40.980417,Eastern Mediterranean / Aegean sea,Türkiye
948,183.739,27.077917,38.467917,Eastern Mediterranean / Aegean sea,Türkiye
953,182.724,28.697917,40.97375,Eastern Mediterranean / Aegean sea,Türkiye
